Name,Nomenclature Name
693.11.1.lsm,KA1_11.1_131022_sam01_t00
693.11.2.lsm,KA1_11.2_131022_sam01_t00
693.14.1.lsm,KA1_14.1_131022_sam02_t00
693.14.2.lsm,KA1_14.2_131022_sam03_t00
693.19.1.lsm,KA1_19.1_131022_sam04_t00
693.19.2.lsm,KA1_19.2_131022_sam05_t00
693.11.1D angle1.lsm,KA1_11.1D_131022_sam01_t00
693.11.1D angle2.lsm,KA1_11.1D_131022_sam02_t00
693.19.1B angle1.lsm,KA1_19.1B_131022_sam01_t00
693.19.1B angle2.lsm,KA1_19.1B_131022_sam02_t00
WUS V PI in 0.5 SAM01.lsm,WUS-PI_1.1_140327_sam01_t00
WUS V PI in 0.5 SAM02.lsm,WUS-PI_1.1_140327_sam02_t00
WUS V PI in 0.5 SAM00.lsm,WUS-PI_1.1_140327_sam00_t00
1.1 RPS5aDIIV RPS5 tdT SAM01 MBS.lsm,r2DII_1.1_140613_sam01_t00
1.1 RPS5aDIIV RPS5 tdT SAM02 MBS.lsm,r2DII_1.1_140613_sam02_t00
1.1 RPS5aDIIV RPS5 tdT SAM03 MBS.lsm,r2DII_1.1_140613_sam03_t00
3.1 RPS5aDIIV RPS5 tdT SAM01 MBS.lsm,r2DII_3.1_140613_sam01_t00
3.1 RPS5aDIIV RPS5 tdT SAM02 MBS.lsm,r2DII_3.1_140613_sam02_t00
3.1 RPS5aDIIV RPS5 tdT SAM03 MBS.lsm,r2DII_3.1_140613_sam03_t00
3.1 RPS5aDIIV RPS5 tdT SAM04 MBS.lsm,r2DII_3.1_140613_sam04_t00
SAM1.lsm,VN7_2A_141126_sam01_t00
SAM2.lsm,VN7_2A_141126_sam02_t00
SAM3.lsm,VN7_6A_141126_sam03_t00
SAM4ter.lsm,VN7_6B_141126_sam04_t00
SAM5.lsm,VN7_6B_141126_sam05_t00
SAM6.lsm,VN7_6C_141126_sam06_t00
RPS5a VEN N7 SAM12 6B.lsm,VN7_6B_141126_sam12_t00
RPS5a VEN N7 SAM11 6C.lsm,VN7_6C_141126_sam11_t00
1200-DW3.2-SAM04.lsm,r2DII_3.2_141127_sam04_t00
1600-DW3.2-SAM04.lsm,r2DII_3.2_141127_sam04_t04
2400-DW3.2-SAM04.lsm,r2DII_3.2_141127_sam04_t20
2800-DW3.2-SAM04.lsm,r2DII_3.2_141127_sam04_t24
3200-DW3.2-SAM04.lsm,r2DII_3.2_141127_sam04_t28
1200-DW3.2-SAM07.lsm,r2DII_3.2_141127_sam07_t00
1600-DW3.2-SAM07.lsm,r2DII_3.2_141127_sam07_t04
2400-DW3.2-SAM07.lsm,r2DII_3.2_141127_sam07_t20
2800-DW3.2-SAM07.lsm,r2DII_3.2_141127_sam07_t24
3200-DW3.2-SAM07.lsm,r2DII_3.2_141127_sam07_t28
1200-DW3.2-SAM08.lsm,r2DII_3.2_141127_sam08_t00
1600-DW3.2-SAM08.lsm,r2DII_3.2_141127_sam08_t04
2400-DW3.2-SAM08.lsm,r2DII_3.2_141127_sam08_t20
2800-DW3.2-SAM08.lsm,r2DII_3.2_141127_sam08_t24
3200-DW3.2-SAM08.lsm,r2DII_3.2_141127_sam08_t28
0800-DW1.2-SAM02.lsm,r2DII_1.2_141202_sam02_t00
1200-DW1.2-SAM02.lsm,r2DII_1.2_141202_sam02_t04
2400-DW1.2-SAM02.lsm,r2DII_1.2_141202_sam02_t24
2800-DW1.2-SAM02.lsm,r2DII_1.2_141202_sam02_t28
3200-DW1.2-SAM02.lsm,r2DII_1.2_141202_sam02_t32
0800-DW1.2-SAM03.lsm,r2DII_1.2_141202_sam03_t00
1200-DW1.2-SAM03.lsm,r2DII_1.2_141202_sam03_t04
1600-DW1.2-SAM03.lsm,r2DII_1.2_141202_sam03_t08
2400-DW1.2-SAM03.lsm,r2DII_1.2_141202_sam03_t24
2800-DW1.2-SAM03.lsm,r2DII_1.2_141202_sam03_t28
3200-DW1.2-SAM03.lsm,r2DII_1.2_141202_sam03_t32
0800-DW1.2-SAM04.lsm,r2DII_1.2_141202_sam04_t00
1200-DW1.2-SAM04.lsm,r2DII_1.2_141202_sam04_t04
1600-DW1.2-SAM04.lsm,r2DII_1.2_141202_sam04_t08
2400-DW1.2-SAM04.lsm,r2DII_1.2_141202_sam04_t24
2800-DW1.2-SAM04.lsm,r2DII_1.2_141202_sam04_t28
3200-DW1.2-SAM04.lsm,r2DII_1.2_141202_sam04_t32
0800-DW1.2-SAM05.lsm,r2DII_1.2_141202_sam05_t00
1200-DW1.2-SAM05.lsm,r2DII_1.2_141202_sam05_t04
1600-DW1.2-SAM05.lsm,r2DII_1.2_141202_sam05_t08
3200-DW1.2-SAM05.lsm,r2DII_1.2_141202_sam05_t32
0800-DW1.2-SAM06.lsm,r2DII_1.2_141202_sam06_t00
1200-DW1.2-SAM06.lsm,r2DII_1.2_141202_sam06_t04
1600-DW1.2-SAM06.lsm,r2DII_1.2_141202_sam06_t08
2400-DW1.2-SAM06.lsm,r2DII_1.2_141202_sam06_t24
2800-DW1.2-SAM06.lsm,r2DII_1.2_141202_sam06_t28
3200-DW1.2-SAM06.lsm,r2DII_1.2_141202_sam06_t32
0800-DW1.2-SAM08.lsm,r2DII_1.2_141202_sam08_t00
1200-DW1.2-SAM08.lsm,r2DII_1.2_141202_sam08_t04
1600-DW1.2-SAM08.lsm,r2DII_1.2_141202_sam08_t08
2400-DW1.2-SAM08.lsm,r2DII_1.2_141202_sam08_t24
2800-DW1.2-SAM08.lsm,r2DII_1.2_141202_sam08_t28
3200-DW1.2-SAM08.lsm,r2DII_1.2_141202_sam08_t32
0800-DW1.2-SAM11.lsm,r2DII_1.2_141202_sam11_t00
1600-DW1.2-SAM11.lsm,r2DII_1.2_141202_sam11_t08
2800-DW1.2-SAM11.lsm,r2DII_1.2_141202_sam11_t28
3200-DW1.2-SAM11.lsm,r2DII_1.2_141202_sam11_t32
DW2.2-201412040800-SAM01.lsm,r2DII_2.2_141204_sam01_t00
DW2.2-201412041200-SAM01.lsm,r2DII_2.2_141204_sam01_t04
DW2.2-201412041600-SAM01.lsm,r2DII_2.2_141204_sam01_t08
DW2.2-201412050800-SAM01.lsm,r2DII_2.2_141204_sam01_t24
DW2.2-201412051200-SAM01.lsm,r2DII_2.2_141204_sam01_t28
DW2.2-201412051600-SAM01.lsm,r2DII_2.2_141204_sam01_t32
DW2.2-201412040800-SAM02.lsm,r2DII_2.2_141204_sam02_t00
DW2.2-201412041200-SAM02.lsm,r2DII_2.2_141204_sam02_t04
DW2.2-201412041600-SAM02.lsm,r2DII_2.2_141204_sam02_t08
DW2.2-201412050800-SAM02.lsm,r2DII_2.2_141204_sam02_t24
DW2.2-201412051200-SAM02.lsm,r2DII_2.2_141204_sam02_t28
DW2.2-201412051600-SAM02.lsm,r2DII_2.2_141204_sam02_t32
DW2.2-201412040800-SAM07.lsm,r2DII_2.2_141204_sam07_t00
DW2.2-201412041200-SAM07.lsm,r2DII_2.2_141204_sam07_t04
DW2.2-201412041600-SAM07.lsm,r2DII_2.2_141204_sam07_t08
DW2.2-201412050800-SAM07.lsm,r2DII_2.2_141204_sam07_t24
DW2.2-201412051200-SAM07.lsm,r2DII_2.2_141204_sam07_t28
DW2.2-201412051600-SAM07.lsm,r2DII_2.2_141204_sam07_t32
DW2.2-201412040800-SAM08.lsm,r2DII_2.2_141204_sam08_t00
DW2.2-201412041200-SAM08.lsm,r2DII_2.2_141204_sam08_t04
DW2.2-201412041600-SAM08.lsm,r2DII_2.2_141204_sam08_t08
DW2.2-201412050800-SAM08.lsm,r2DII_2.2_141204_sam08_t24
DW2.2-201412051200-SAM08.lsm,r2DII_2.2_141204_sam08_t28
DW2.2-201412051600-SAM08.lsm,r2DII_2.2_141204_sam08_t32
DW2.2-201412040800-SAM09.lsm,r2DII_2.2_141204_sam09_t00
DW2.2-201412041200-SAM09.lsm,r2DII_2.2_141204_sam09_t04
DW2.2-201412041600-SAM09.lsm,r2DII_2.2_141204_sam09_t08
DW2.2-201412050800-SAM09.lsm,r2DII_2.2_141204_sam09_t24
DW2.2-201412051200-SAM09.lsm,r2DII_2.2_141204_sam09_t28
DW2.2-201412051600-SAM09.lsm,r2DII_2.2_141204_sam09_t32
ML1PMN_SAM10_20150130_2000.lsm,L1PMN_1.1_150129_sam10_t36
ML1PMN_SAM09_20150130_2000.lsm,L1PMN_1.1_150129_sam09_t36
ML1PMN_SAM08_20150130_2000.lsm,L1PMN_1.1_150129_sam08_t36
ML1PMN_SAM07_20150130_2000.lsm,L1PMN_1.1_150129_sam07_t36
ML1PMN_SAM06_20150130_2000.lsm,L1PMN_1.1_150129_sam06_t36
ML1PMN_SAM05_20150130_2000.lsm,L1PMN_1.1_150129_sam05_t36
ML1PMN_SAM04_20150130_2000.lsm,L1PMN_1.1_150129_sam04_t36
ML1PMN_SAM03_20150130_2000.lsm,L1PMN_1.1_150129_sam03_t36
ML1PMN_SAM02_20150130_2000.lsm,L1PMN_1.1_150129_sam02_t36
ML1PMN_SAM10_20150130_1600.lsm,L1PMN_1.1_150129_sam10_t32
ML1PMN_SAM09_20150130_1600.lsm,L1PMN_1.1_150129_sam09_t32
ML1PMN_SAM08_20150130_1600.lsm,L1PMN_1.1_150129_sam08_t32
ML1PMN_SAM07_20150130_1600.lsm,L1PMN_1.1_150129_sam07_t32
ML1PMN_SAM06_20150130_1600.lsm,L1PMN_1.1_150129_sam06_t32
ML1PMN_SAM05_20150130_1600.lsm,L1PMN_1.1_150129_sam05_t32
ML1PMN_SAM04_20150130_1600.lsm,L1PMN_1.1_150129_sam04_t32
ML1PMN_SAM03_20150130_1600.lsm,L1PMN_1.1_150129_sam03_t32
ML1PMN_SAM02_20150130_1600.lsm,L1PMN_1.1_150129_sam02_t32
ML1PMN_SAM10_20150130_1200.lsm,L1PMN_1.1_150129_sam10_t28
ML1PMN_SAM09_20150130_1200.lsm,L1PMN_1.1_150129_sam09_t28
ML1PMN_SAM08_20150130_1200.lsm,L1PMN_1.1_150129_sam08_t28
ML1PMN_SAM07_20150130_1200.lsm,L1PMN_1.1_150129_sam07_t28
ML1PMN_SAM06_20150130_1200.lsm,L1PMN_1.1_150129_sam06_t28
ML1PMN_SAM05_20150130_1200.lsm,L1PMN_1.1_150129_sam05_t28
ML1PMN_SAM04_20150130_1200.lsm,L1PMN_1.1_150129_sam04_t28
ML1PMN_SAM03_20150130_1200.lsm,L1PMN_1.1_150129_sam03_t28
ML1PMN_SAM02_20150130_1200.lsm,L1PMN_1.1_150129_sam02_t28
ML1PMN_SAM10_20150130_0800.lsm,L1PMN_1.1_150129_sam10_t24
ML1PMN_SAM09_20150130_0800.lsm,L1PMN_1.1_150129_sam09_t24
ML1PMN_SAM08_20150130_0800.lsm,L1PMN_1.1_150129_sam08_t24
ML1PMN_SAM07_20150130_0800.lsm,L1PMN_1.1_150129_sam07_t24
ML1PMN_SAM06_20150130_0800.lsm,L1PMN_1.1_150129_sam06_t24
ML1PMN_SAM05_20150130_0800.lsm,L1PMN_1.1_150129_sam05_t24
ML1PMN_SAM04_20150130_0800.lsm,L1PMN_1.1_150129_sam04_t24
ML1PMN_SAM03_20150130_0800.lsm,L1PMN_1.1_150129_sam03_t24
ML1PMN_SAM02_20150130_0800.lsm,L1PMN_1.1_150129_sam02_t24
ML1PMN_SAM10_20150129_2000.lsm,L1PMN_1.1_150129_sam10_t12
ML1PMN_SAM09_20150129_2000.lsm,L1PMN_1.1_150129_sam09_t12
ML1PMN_SAM08_20150129_2000.lsm,L1PMN_1.1_150129_sam08_t12
ML1PMN_SAM07_20150129_2000.lsm,L1PMN_1.1_150129_sam07_t12
ML1PMN_SAM06_20150129_2000.lsm,L1PMN_1.1_150129_sam06_t12
ML1PMN_SAM05_20150129_2000.lsm,L1PMN_1.1_150129_sam05_t12
ML1PMN_SAM04_20150129_2000.lsm,L1PMN_1.1_150129_sam04_t12
ML1PMN_SAM03_20150129_2000.lsm,L1PMN_1.1_150129_sam03_t12
ML1PMN_SAM02_20150129_2000.lsm,L1PMN_1.1_150129_sam02_t12
ML1PMN_SAM10_20150129_1600.lsm,L1PMN_1.1_150129_sam10_t08
ML1PMN_SAM09_20150129_1600.lsm,L1PMN_1.1_150129_sam09_t08
ML1PMN_SAM08_20150129_1600.lsm,L1PMN_1.1_150129_sam08_t08
ML1PMN_SAM07_20150129_1600.lsm,L1PMN_1.1_150129_sam07_t08
ML1PMN_SAM06_20150129_1600.lsm,L1PMN_1.1_150129_sam06_t08
ML1PMN_SAM05_20150129_1600.lsm,L1PMN_1.1_150129_sam05_t08
ML1PMN_SAM04_20150129_1600.lsm,L1PMN_1.1_150129_sam04_t08
ML1PMN_SAM03_20150129_1600.lsm,L1PMN_1.1_150129_sam03_t08
ML1PMN_SAM02_20150129_1600.lsm,L1PMN_1.1_150129_sam02_t08
ML1PMN_SAM10_20150129_1200.lsm,L1PMN_1.1_150129_sam10_t04
ML1PMN_SAM09_20150129_1200.lsm,L1PMN_1.1_150129_sam09_t04
ML1PMN_SAM08_20150129_1200.lsm,L1PMN_1.1_150129_sam08_t04
ML1PMN_SAM07_20150129_1200.lsm,L1PMN_1.1_150129_sam07_t04
ML1PMN_SAM06_20150129_1200.lsm,L1PMN_1.1_150129_sam06_t04
ML1PMN_SAM05_20150129_1200.lsm,L1PMN_1.1_150129_sam05_t04
ML1PMN_SAM04_20150129_1200.lsm,L1PMN_1.1_150129_sam04_t04
ML1PMN_SAM03_20150129_1200.lsm,L1PMN_1.1_150129_sam03_t04
ML1PMN_SAM02_20150129_1200.lsm,L1PMN_1.1_150129_sam02_t04
ML1PMN_SAM01_20150129_0800.lsm,L1PMN_1.1_150129_sam01_t00
ML1PMN_SAM10_20150129_0800.lsm,L1PMN_1.1_150129_sam10_t00
ML1PMN_SAM09_20150129_0800.lsm,L1PMN_1.1_150129_sam09_t00
ML1PMN_SAM07_20150129_0800.lsm,L1PMN_1.1_150129_sam07_t00
ML1PMN_SAM10_20150129_0800.lsm,L1PMN_1.1_150129_sam10_t00
ML1PMN_SAM09_20150129_0800.lsm,L1PMN_1.1_150129_sam09_t00
ML1PMN_SAM08_20150129_0800.lsm,L1PMN_1.1_150129_sam08_t00
ML1PMN_SAM07_20150129_0800.lsm,L1PMN_1.1_150129_sam07_t00
ML1PMN_SAM06_20150129_0800.lsm,L1PMN_1.1_150129_sam06_t00
ML1PMN_SAM05_20150129_0800.lsm,L1PMN_1.1_150129_sam05_t00
ML1PMN_SAM04_20150129_0800.lsm,L1PMN_1.1_150129_sam04_t00
ML1PMN_SAM03_20150129_0800.lsm,L1PMN_1.1_150129_sam03_t00
ML1PMN_SAM02_20150129_0800.lsm,L1PMN_1.1_150129_sam02_t00
Col0 12h SAM5bis.lsm,col0-PIN1_WT_150129_sam05_t00
DW4.1_PI_SAM03_20150217_1200.lsm,DR5v2-PI_B2_150217_sam03_t00
DW4.1_PI_SAM02_20150217_1200.lsm,DR5v2-PI_E1_150217_sam02_t00
DW4.1_PI_SAM01_20150217_1200.lsm,DR5v2-PI_D2_150217_sam01_t00
20150415_DW5.2_SAM1.lsm,DR5N_5.2_150415_sam01_t00
20150415_DW5.2_SAM3.lsm,DR5N_5.2_150415_sam03_t00
20150415_DW5.2_SAM4.lsm,DR5N_5.2_150415_sam04_t00
20150415_DW5.2_SAM7.lsm,DR5N_5.2_150415_sam07_t00
20150415_DW5.2_SAM8.lsm,DR5N_5.2_150415_sam08_t00
20150415_DW5.2_SAM9.lsm,DR5N_5.2_150415_sam09_t00
20150415_DW5.2_SAM11.lsm,DR5N_5.2_150415_sam11_t00
20150415_DW5.2_SAM12.lsm,DR5N_5.2_150415_sam12_t00
20150415_DW6.1_SAM1.lsm,DR5N_6.1_150415_sam01_t00
20150415_DW6.1_SAM2.lsm,DR5N_6.1_150415_sam02_t00
20150415_DW6.1_SAM3.lsm,DR5N_6.1_150415_sam03_t00
20150415_DW6.1_SAM4.lsm,DR5N_6.1_150415_sam04_t00
20150415_DW6.1_SAM6.lsm,DR5N_6.1_150415_sam06_t00
20150415_DW6.1_SAM7.lsm,DR5N_6.1_150415_sam07_t00
20150415_DW6.1_SAM8.lsm,DR5N_6.1_150415_sam08_t00
20150415_DW6.1_SAM11.lsm,DR5N_6.1_150415_sam11_t00
20150415_DW7.1_SAM2.lsm,DR5N_7.1_150415_sam02_t00
20150415_DW7.1_SAM3.lsm,DR5N_7.1_150415_sam03_t00
20150415_DW7.1_SAM4.lsm,DR5N_7.1_150415_sam04_t00
20150415_DW7.1_SAM6.lsm,DR5N_7.1_150415_sam06_t00
20150415_DW7.1_SAM7.lsm,DR5N_7.1_150415_sam07_t00
20150415_DW7.1_SAM11.lsm,DR5N_7.1_150415_sam11_t00
Col0 SAM7n.lsm,col0-PI_WT_150423_sam07_t00
Col0 SAM8N.lsm,col0-PI_WT_150423_sam08_t00
Col0 SAM10N.lsm,col0-PI_WT_150423_sam10_t00
183.18A-img1.lsm,PMN_183.18A_151124_sam01_t00
183.18A-img2.lsm,PMN_183.18A_151124_sam02_t00
183.18A-img3.lsm,PMN_183.18A_151124_sam03_t00
DW6.1-z0.50-S1.lsm,DR5N_6.1_151124_sam01_z0.50_t00
DW6.1-z0.52-S2.lsm,DR5N_6.1_151124_sam02_z0.52_t00
DW6.1-z0.52-S3.lsm,DR5N_6.1_151124_sam03_z0.52_t00
DW6.1-z0.80-S1.lsm,DR5N_6.1_151124_sam01_z0.80_t00
DW6.1-z0.80-S2.lsm,DR5N_6.1_151124_sam02_z0.80_t00
DW6.1-z0.80-S3.lsm,DR5N_6.1_151124_sam03_z0.80_t00
DW6.1-z1.04-S1.lsm,DR5N_6.1_151124_sam01_z1.04_t00
DW6.1-z1.04-S2.lsm,DR5N_6.1_151124_sam02_z1.04_t00
DW6.1-z1.04-S3.lsm,DR5N_6.1_151124_sam03_z1.04_t00
183.18E-img1.lsm,PMN_183.18E_151124_sam01_t00
183.18E-img2.lsm,PMN_183.18E_151124_sam02_t00
183.18E-img3.lsm,PMN_183.18E_151124_sam03_t00
qDII-11c-CLV3-CH-MS-E1-LD-SAM1.czi,qDII-CLV3-PI-LD_11c_160518_sam01_t00
qDII-11c-CLV3-CH-MS-E1-LD-SAM2.czi,qDII-CLV3-PI-LD_11c_160518_sam02_t00
qDII-11c-CLV3-CH-MS-E1-LD-SAM3.czi,qDII-CLV3-PI-LD_11c_160519_sam03_t00
qDII-11c-CLV3-CH-MS-E1-LD-SAM4.czi,qDII-CLV3-PI-LD_11c_160518_sam04_t00
qDII-11c-CLV3-CH-MS-E1-SD-SAM1.czi,qDII-CLV3-PI-SD_11c_160522_sam01_t00
qDII-11c-CLV3-CH-MS-E1-SD-SAM2.czi,qDII-CLV3-PI-SD_11c_160523_sam02_t00
qDII-11c-E5-LD-SAM1.czi,qDII-CLV3-LD_11c_160404_sam01_t00
qDII-11c-E5-LD-SAM2.czi,qDII-CLV3-LD_11c_160404_sam02_t00
PIN1-GFP-CLV3-CH-MS-E1-LD-SAM1.czi,PIN1-CLV3-PI-LD_1.1_160518_sam01_t00
PIN1-GFP-CLV3-CH-MS-E1-LD-SAM3.czi,PIN1-CLV3-PI-LD_1.1_160518_sam03_t00
PIN1-GFP-CLV3-CH-MS-E1-LD-SAM4.czi,PIN1-CLV3-PI-LD_1.1_160518_sam04_t00
PIN1-GFP-CLV3-CH-MS-E1-LD-SAM5.czi,PIN1-CLV3-PI-LD_1.1_160518_sam05_t00
PIN1-GFP-CLV3-CH-MS-E1-SD-SAM1.czi,PIN1-CLV3-PI-SD_1.1_160522_sam01_t00
PIN1-GFP-CLV3-CH-MS-E1-SD-SAM2.czi,PIN1-CLV3-PI-SD_1.1_160522_sam02_t00
PIN1-GFP-CLV3-CH-MS-E1-SD-SAM5.czi,PIN1-CLV3-PI-SD_1.1_160522_sam05_t00
PIN1-GFP-CLV3-CH-MS-E1-SD-SAM6.czi,PIN1-CLV3-PI-SD_1.1_160522_sam06_t00
qDII-11c-CLV3-CH-MS-E3-LD-SAM1.czi,qDII-CLV3-LD_E3_160623_sam01_t00
qDII-11c-CLV3-CH-MS-E3-LD-SAM2.czi,qDII-CLV3-LD_E3_160623_sam02_t00
qDII-11c-CLV3-CH-MS-E3-LD-SAM3.czi,qDII-CLV3-LD_E3_160623_sam03_t00
qDII-11c-CLV3-CH-MS-E3-LD-SAM4.czi,qDII-CLV3-LD_E3_160623_sam04_t00
qDII-11c-CLV3-CH-MS-E3-LD-SAM5.czi,qDII-CLV3-LD_E3_160623_sam05_t00
qDII-11c-CLV3-CH-MS-E3-LD-SAM6.czi,qDII-CLV3-LD_E3_160623_sam06_t00
qDII-11c-CLV3-CH-MS-E3-LD-SAM7.czi,qDII-CLV3-LD_E3_160623_sam07_t00
qDII-11c-CLV3-CH-MS-E3-LD-SAM8.czi,qDII-CLV3-LD_E3_160623_sam08_t00
qDII-11c-CLV3-CH-MS-E3-SD-SAM1.czi,qDII-CLV3-SD_E3_160623_sam01_t00
qDII-11c-CLV3-CH-MS-E3-SD-SAM2.czi,qDII-CLV3-SD_E3_160623_sam02_t00
qDII-11c-CLV3-CH-MS-E3-SD-SAM3.czi,qDII-CLV3-SD_E3_160623_sam03_t00
qDII-11c-CLV3-CH-MS-E3-SD-SAM4.czi,qDII-CLV3-SD_E3_160623_sam04_t00
qDII-11c-CLV3-CH-MS-E3-SD-SAM5.czi,qDII-CLV3-SD_E3_160623_sam05_t00
qDII-11c-CLV3-CH-MS-E3-SD-SAM6.czi,qDII-CLV3-SD_E3_160623_sam06_t00
qDII-11c-CLV3-CH-MS-E3-SD-SAM7.czi,qDII-CLV3-SD_E3_160623_sam07_t00
CLV3-CH-DR5-3VE-MS-E3-LD-SAM1.czi,DR5-CLV3-PI-LD_E3_160625_sam01_t00
CLV3-CH-DR5-3VE-MS-E3-LD-SAM2.czi,DR5-CLV3-PI-LD_E3_160625_sam02_t00
CLV3-CH-DR5-3VE-MS-E3-LD-SAM3.czi,DR5-CLV3-PI-LD_E3_160625_sam03_t00
CLV3-CH-DR5-3VE-MS-E3-LD-SAM4.czi,DR5-CLV3-PI-LD_E3_160625_sam04_t00
CLV3-CH-DR5-3VE-MS-E3-LD-SAM5.czi,DR5-CLV3-PI-LD_E3_160625_sam05_t00
CLV3-CH-DR5-3VE-MS-E3-LD-SAM6.czi,DR5-CLV3-PI-LD_E3_160625_sam06_t00
CLV3-CH-DR5-3VE-MS-E3-LD-SAM7.czi,DR5-CLV3-PI-LD_E3_160625_sam07_t00
CLV3-CH-DR5-3VE-MS-E3-LD-SAM8.czi,DR5-CLV3-PI-LD_E3_160625_sam08_t00
CLV3-CH-DR5-3VE-MS-E3-SD-SAM1.czi,DR5-CLV3-PI-SD_E3_160625_sam01_t00
CLV3-CH-DR5-3VE-MS-E3-SD-SAM2.czi,DR5-CLV3-PI-SD_E3_160625_sam02_t00
CLV3-CH-DR5-3VE-MS-E3-SD-SAM3.czi,DR5-CLV3-PI-SD_E3_160625_sam03_t00
CLV3-CH-DR5-3VE-MS-E3-SD-SAM4.czi,DR5-CLV3-PI-SD_E3_160625_sam04_t00
CLV3-CH-DR5-3VE-MS-E3-SD-SAM5.czi,DR5-CLV3-PI-SD_E3_160625_sam05_t00
CLV3-CH-DR5-3VE-MS-E3-SD-SAM6.czi,DR5-CLV3-PI-SD_E3_160625_sam06_t00
qDII-11c-CLV-CH-MS-E7-SD-SAM2.czi,qDII-CLV3-SD_E7_160828_sam02_t00
qDII-11c-CLV-CH-MS-E7-SD-SAM3.czi,qDII-CLV3-SD_E7_160828_sam03_t00
qDII-11c-CLV-CH-MS-E7-SD-SAM4.czi,qDII-CLV3-SD_E7_160828_sam04_t00
qDII-11c-CLV-CH-MS-E7-SD-SAM10.czi,qDII-CLV3-SD_E7_160828_sam10_t00
qDII-11c-CLV-CH-MS-E7-SD-SAM12.czi,qDII-CLV3-SD_E7_160828_sam12_t00
qDII-11c-CLV-CH-MS-E7-SD-SAM15.czi,qDII-CLV3-SD_E7_160828_sam15_t00
qDII-11c-CLV-CH-MS-E7-SD-SAM16.czi,qDII-CLV3-SD_E7_160828_sam16_t00
qDII-11c-CLV-CH-MS-E7-SD-SAM18.czi,qDII-CLV3-SD_E7_160828_sam18_t00
qDII-11c-CLV-CH-MS-E7-SD-SAM20.czi,qDII-CLV3-SD_E7_160828_sam20_t00
qDII-11c-CLV-CH-MS-E7-SD-SAM2-6h.czi,qDII-CLV3-SD_E7_160828_sam02_t06
qDII-11c-CLV-CH-MS-E7-SD-SAM3-6h.czi,qDII-CLV3-SD_E7_160828_sam03_t06
qDII-11c-CLV-CH-MS-E7-SD-SAM4-6h.czi,qDII-CLV3-SD_E7_160828_sam04_t06
qDII-11c-CLV-CH-MS-E7-SD-SAM10-6h.czi,qDII-CLV3-SD_E7_160828_sam10_t06
qDII-11c-CLV-CH-MS-E7-SD-SAM12-6h.czi,qDII-CLV3-SD_E7_160828_sam12_t06
qDII-11c-CLV-CH-MS-E7-SD-SAM15-6h.czi,qDII-CLV3-SD_E7_160828_sam15_t06
qDII-11c-CLV-CH-MS-E7-SD-SAM16-6h.czi,qDII-CLV3-SD_E7_160828_sam16_t06
qDII-11c-CLV-CH-MS-E7-SD-SAM18-6h.czi,qDII-CLV3-SD_E7_160828_sam18_t06
qDII-11c-CLV-CH-MS-E7-SD-SAM20-6h.czi,qDII-CLV3-SD_E7_160828_sam20_t06
qDII-11c-CLV-CH-MS-E7-LD-SAM1.czi,qDII-CLV3-LD_E7_160906_sam01_t00
qDII-11c-CLV-CH-MS-E7-LD-SAM2.czi,qDII-CLV3-LD_E7_160906_sam02_t00
qDII-11c-CLV-CH-MS-E7-LD-SAM3.czi,qDII-CLV3-LD_E7_160906_sam03_t00
qDII-11c-CLV-CH-MS-E7-LD-SAM5.czi,qDII-CLV3-LD_E7_160906_sam05_t00
qDII-11c-CLV-CH-MS-E7-LD-SAM6.czi,qDII-CLV3-LD_E7_160906_sam06_t00
qDII-11c-CLV-CH-MS-E7-LD-SAM7.czi,qDII-CLV3-LD_E7_160906_sam07_t00
qDII-11c-CLV-CH-MS-E7-LD-SAM1-6h.czi,qDII-CLV3-LD_E7_160906_sam01_t06
qDII-11c-CLV-CH-MS-E7-LD-SAM2-6h.czi,qDII-CLV3-LD_E7_160906_sam02_t06
qDII-11c-CLV-CH-MS-E7-LD-SAM3-6h.czi,qDII-CLV3-LD_E7_160906_sam03_t06
qDII-11c-CLV-CH-MS-E7-LD-SAM5-6h.czi,qDII-CLV3-LD_E7_160906_sam05_t06
qDII-11c-CLV-CH-MS-E7-LD-SAM6-6h.czi,qDII-CLV3-LD_E7_160906_sam06_t06
qDII-11c-CLV-CH-MS-E7-LD-SAM7-6h.czi,qDII-CLV3-LD_E7_160906_sam07_t06
qDII-11c-CLV-CH-MS-E7-LD-SAM1-10h.czi,qDII-CLV3-LD_E7_160906_sam01_t10
qDII-11c-CLV-CH-MS-E7-LD-SAM2-10h.czi,qDII-CLV3-LD_E7_160906_sam02_t10
qDII-11c-CLV-CH-MS-E7-LD-SAM3-10h.czi,qDII-CLV3-LD_E7_160906_sam03_t10
qDII-11c-CLV-CH-MS-E7-LD-SAM5-10h.czi,qDII-CLV3-LD_E7_160906_sam05_t10
qDII-11c-CLV-CH-MS-E7-LD-SAM6-10h.czi,qDII-CLV3-LD_E7_160906_sam06_t10
qDII-11c-CLV-CH-MS-E7-LD-SAM7-10h.czi,qDII-CLV3-LD_E7_160906_sam07_t10
qDII-11c-CLV-CH-MS-E7-LD-SAM9.czi,qDII-CLV3-LD_E7_160906_sam09_t00
qDII-11c-CLV-CH-MS-E7-LD-SAM10.czi,qDII-CLV3-LD_E7_160906_sam10_t00
qDII-11c-CLV-CH-MS-E7-LD-SAM13.czi,qDII-CLV3-LD_E7_160906_sam13_t00
qDII-11c-CLV-CH-MS-E7-LD-SAM14.czi,qDII-CLV3-LD_E7_160906_sam14_t00
qDII-11c-CLV-CH-MS-E7-LD-SAM15.czi,qDII-CLV3-LD_E7_160906_sam15_t00
qDII-11c-CLV-CH-MS-E7-LD-SAM16.czi,qDII-CLV3-LD_E7_160906_sam16_t00
qDII-11c-CLV-CH-MS-E7-LD-SAM18.czi,qDII-CLV3-LD_E7_160906_sam18_t00
qDII-11c-CLV-CH-MS-E7-LD-SAM9-6h.czi,qDII-CLV3-LD_E7_160906_sam09_t06
qDII-11c-CLV-CH-MS-E7-LD-SAM10-6h.czi,qDII-CLV3-LD_E7_160906_sam10_t06
qDII-11c-CLV-CH-MS-E7-LD-SAM13-6h.czi,qDII-CLV3-LD_E7_160906_sam13_t06
qDII-11c-CLV-CH-MS-E7-LD-SAM14-6h.czi,qDII-CLV3-LD_E7_160906_sam14_t06
qDII-11c-CLV-CH-MS-E7-LD-SAM15-6h.czi,qDII-CLV3-LD_E7_160906_sam15_t06
qDII-11c-CLV-CH-MS-E7-LD-SAM16-6h.czi,qDII-CLV3-LD_E7_160906_sam16_t06
qDII-11c-CLV-CH-MS-E7-LD-SAM18-6h.czi,qDII-CLV3-LD_E7_160906_sam18_t06
qDII-11c-CLV-CH-MS-E7-LD-SAM9-10h.czi,qDII-CLV3-LD_E7_160906_sam09_t10
qDII-11c-CLV-CH-MS-E7-LD-SAM10-10h.czi,qDII-CLV3-LD_E7_160906_sam10_t10
qDII-11c-CLV-CH-MS-E7-LD-SAM13-10h.czi,qDII-CLV3-LD_E7_160906_sam13_t10
qDII-11c-CLV-CH-MS-E7-LD-SAM14-10h.czi,qDII-CLV3-LD_E7_160906_sam14_t10
qDII-11c-CLV-CH-MS-E7-LD-SAM15-10h.czi,qDII-CLV3-LD_E7_160906_sam15_t10
qDII-11c-CLV-CH-MS-E7-LD-SAM16-10h.czi,qDII-CLV3-LD_E7_160906_sam16_t10
qDII-11c-CLV-CH-MS-E7-LD-SAM18-10h.czi,qDII-CLV3-LD_E7_160906_sam18_t10
qDII-11c-CLV-CH-E8-SD-SAM1-T0.czi,qDII-CLV3-SD_E8_161031_sam01_t00
qDII-11c-CLV-CH-E8-SD-SAM3-T0.czi,qDII-CLV3-SD_E8_161031_sam03_t00
qDII-11c-CLV-CH-E8-SD-SAM4-T0.czi,qDII-CLV3-SD_E8_161031_sam04_t00
qDII-11c-CLV-CH-E8-SD-SAM6-T0.czi,qDII-CLV3-SD_E8_161031_sam06_t00
qDII-11c-CLV-CH-E8-SD-SAM9-T0.czi,qDII-CLV3-SD_E8_161031_sam09_t00
qDII-11c-CLV-CH-E8-SD-SAM10-T0.czi,qDII-CLV3-SD_E8_161031_sam10_t00
qDII-11c-CLV-CH-E8-SD-SAM11-T0.czi,qDII-CLV3-SD_E8_161031_sam11_t00
qDII-11c-CLV-CH-E8-SD-SAM13-T0.czi,qDII-CLV3-SD_E8_161031_sam13_t00
qDII-11c-CLV-CH-E8-SD-SAM14-T0.czi,qDII-CLV3-SD_E8_161031_sam14_t00
qDII-11c-CLV-CH-E8-SD-SAM1-T5h.czi,qDII-CLV3-SD_E8_161031_sam01_t05
qDII-11c-CLV-CH-E8-SD-SAM3-T5h.czi,qDII-CLV3-SD_E8_161031_sam03_t05
qDII-11c-CLV-CH-E8-SD-SAM4-T5h.czi,qDII-CLV3-SD_E8_161031_sam04_t05
qDII-11c-CLV-CH-E8-SD-SAM6-T5h.czi,qDII-CLV3-SD_E8_161031_sam06_t05
qDII-11c-CLV-CH-E8-SD-SAM9-T5h.czi,qDII-CLV3-SD_E8_161031_sam09_t05
qDII-11c-CLV-CH-E8-SD-SAM13-T5h.czi,qDII-CLV3-SD_E8_161031_sam13_t05
qDII-11c-CLV-CH-E8-SD-SAM14-T5h.czi,qDII-CLV3-SD_E8_161031_sam14_t05
qDII-11c-CLV-CH-E8-SD-SAM10-T5h.czi,qDII-CLV3-SD_E8_161031_sam10_t05
qDII-11c-CLV-CH-E8-SD-SAM11-T5h.czi,qDII-CLV3-SD_E8_161031_sam11_t05
qDII-11c-CLV-CH-E8-SD-SAM1-T10h.czi,qDII-CLV3-SD_E8_161031_sam01_t10
qDII-11c-CLV-CH-E8-SD-SAM3-T10h.czi,qDII-CLV3-SD_E8_161031_sam03_t10
qDII-11c-CLV-CH-E8-SD-SAM4-T10h.czi,qDII-CLV3-SD_E8_161031_sam04_t10
qDII-11c-CLV-CH-E8-SD-SAM6-T10h.czi,qDII-CLV3-SD_E8_161031_sam06_t10
qDII-11c-CLV-CH-E8-SD-SAM9-T10h.czi,qDII-CLV3-SD_E8_161031_sam09_t10
qDII-11c-CLV-CH-E8-SD-SAM10-T10h.czi,qDII-CLV3-SD_E8_161031_sam10_t10
qDII-11c-CLV-CH-E8-SD-SAM11-T10h.czi,qDII-CLV3-SD_E8_161031_sam11_t10
qDII-11c-CLV-CH-E8-SD-SAM13-T10h.czi,qDII-CLV3-SD_E8_161031_sam13_t10
qDII-11c-CLV-CH-E8-SD-SAM14-T10h.czi,qDII-CLV3-SD_E8_161031_sam14_t10
qDII-11c-CLV-CH-E9-LD-SAM1-T0.czi,qDII-CLV3-LD_E9_161111_sam01_t00
qDII-11c-CLV-CH-E9-LD-SAM2-T0.czi,qDII-CLV3-LD_E9_161111_sam02_t00
qDII-11c-CLV-CH-E9-LD-SAM3-T0.czi,qDII-CLV3-LD_E9_161111_sam03_t00
qDII-11c-CLV-CH-E9-LD-SAM6-T0.czi,qDII-CLV3-LD_E9_161111_sam06_t00
qDII-11c-CLV-CH-E9-LD-SAM7-T0.czi,qDII-CLV3-LD_E9_161111_sam07_t00
qDII-11c-CLV-CH-E9-LD-SAM9-T0.czi,qDII-CLV3-LD_E9_161111_sam09_t00
qDII-11c-CLV-CH-E9-LD-SAM10-T0.czi,qDII-CLV3-LD_E9_161111_sam10_t00
qDII-11c-CLV-CH-E9-LD-SAM11-T0.czi,qDII-CLV3-LD_E9_161111_sam11_t00
qDII-11c-CLV-CH-E9-LD-SAM12-T0.czi,qDII-CLV3-LD_E9_161111_sam12_t00
qDII-11c-CLV-CH-E9-LD-SAM13-T0.czi,qDII-CLV3-LD_E9_161111_sam13_t00
qDII-11c-CLV-CH-E9-LD-SAM14-T0.czi,qDII-CLV3-LD_E9_161111_sam14_t00
qDII-11c-CLV-CH-E9-LD-SAM15-T0.czi,qDII-CLV3-LD_E9_161111_sam15_t00
qDII-11c-CLV-CH-E9-LD-SAM1-T5h.czi,qDII-CLV3-LD_E9_161111_sam01_t05
qDII-11c-CLV-CH-E9-LD-SAM2-T5h.czi,qDII-CLV3-LD_E9_161111_sam02_t05
qDII-11c-CLV-CH-E9-LD-SAM3-T5h.czi,qDII-CLV3-LD_E9_161111_sam03_t05
qDII-11c-CLV-CH-E9-LD-SAM6-T5h.czi,qDII-CLV3-LD_E9_161111_sam06_t05
qDII-11c-CLV-CH-E9-LD-SAM7-T5h.czi,qDII-CLV3-LD_E9_161111_sam07_t05
qDII-11c-CLV-CH-E9-LD-SAM9-T5h.czi,qDII-CLV3-LD_E9_161111_sam09_t05
qDII-11c-CLV-CH-E9-LD-SAM10-T5h.czi,qDII-CLV3-LD_E9_161111_sam10_t05
qDII-11c-CLV-CH-E9-LD-SAM11-T5h.czi,qDII-CLV3-LD_E9_161111_sam11_t05
qDII-11c-CLV-CH-E9-LD-SAM12-T5h.czi,qDII-CLV3-LD_E9_161111_sam12_t05
qDII-11c-CLV-CH-E9-LD-SAM13-T5h.czi,qDII-CLV3-LD_E9_161111_sam13_t05
qDII-11c-CLV-CH-E9-LD-SAM14-T5h.czi,qDII-CLV3-LD_E9_161111_sam14_t05
qDII-11c-CLV-CH-E9-LD-SAM15-T5h.czi,qDII-CLV3-LD_E9_161111_sam15_t05
qDII-11c-CLV-CH-E9-LD-SAM1-T10.czi,qDII-CLV3-LD_E9_161111_sam01_t10
qDII-11c-CLV-CH-E9-LD-SAM2-T10.czi,qDII-CLV3-LD_E9_161111_sam02_t10
qDII-11c-CLV-CH-E9-LD-SAM3-T10.czi,qDII-CLV3-LD_E9_161111_sam03_t10
qDII-11c-CLV-CH-E9-LD-SAM6-T10.czi,qDII-CLV3-LD_E9_161111_sam06_t10
qDII-11c-CLV-CH-E9-LD-SAM7-T10.czi,qDII-CLV3-LD_E9_161111_sam07_t10
qDII-11c-CLV-CH-E9-LD-SAM9-T10.czi,qDII-CLV3-LD_E9_161111_sam09_t10
qDII-11c-CLV-CH-E9-LD-SAM10-T10.czi,qDII-CLV3-LD_E9_161111_sam10_t10
qDII-11c-CLV-CH-E9-LD-SAM11-T10.czi,qDII-CLV3-LD_E9_161111_sam11_t10
qDII-11c-CLV-CH-E9-LD-SAM12-T10.czi,qDII-CLV3-LD_E9_161111_sam12_t10
qDII-11c-CLV-CH-E9-LD-SAM13-T10.czi,qDII-CLV3-LD_E9_161111_sam13_t10
qDII-11c-CLV-CH-E9-LD-SAM14-T10.czi,qDII-CLV3-LD_E9_161111_sam14_t10
qDII-11c-CLV-CH-E9-LD-SAM15-T10.czi,qDII-CLV3-LD_E9_161111_sam15_t10
qDII-CLV-CH-E12-SD-SAM5-T0.czi,qDII-CLV3-SD_E12_161221_sam05_t00
qDII-CLV-CH-E12-SD-SAM6-T0.czi,qDII-CLV3-SD_E12_161221_sam06_t00
qDII-CLV-CH-E12-SD-SAM7-T0.czi,qDII-CLV3-SD_E12_161221_sam07_t00
qDII-CLV-CH-E12-SD-SAM11-T0.czi,qDII-CLV3-SD_E12_161221_sam11_t00
qDII-CLV-CH-E12-SD-SAM12-T0.czi,qDII-CLV3-SD_E12_161221_sam12_t00
qDII-CLV-CH-E12-SD-SAM14-T0.czi,qDII-CLV3-SD_E12_161221_sam14_t00
qDII-CLV-CH-E12-SD-SAM5-T5h.czi,qDII-CLV3-SD_E12_161221_sam05_t05
qDII-CLV-CH-E12-SD-SAM6-T5h.czi,qDII-CLV3-SD_E12_161221_sam06_t05
qDII-CLV-CH-E12-SD-SAM7-T5h.czi,qDII-CLV3-SD_E12_161221_sam07_t05
qDII-CLV-CH-E12-SD-SAM11-T5h.czi,qDII-CLV3-SD_E12_161221_sam11_t05
qDII-CLV-CH-E12-SD-SAM12-T5h.czi,qDII-CLV3-SD_E12_161221_sam12_t05
qDII-CLV-CH-E12-SD-SAM14-T5h.czi,qDII-CLV3-SD_E12_161221_sam14_t05
qDII-CLV-CH-E12-SD-SAM5-T10h.czi,qDII-CLV3-SD_E12_161221_sam05_t10
qDII-CLV-CH-E12-SD-SAM6-T10h.czi,qDII-CLV3-SD_E12_161221_sam06_t10
qDII-CLV-CH-E12-SD-SAM7-T10h.czi,qDII-CLV3-SD_E12_161221_sam07_t10
qDII-CLV-CH-E12-SD-SAM11-T10h.czi,qDII-CLV3-SD_E12_161221_sam11_t10
qDII-CLV-CH-E12-SD-SAM12-T10h.czi,qDII-CLV3-SD_E12_161221_sam12_t10
qDII-CLV-CH-E12-SD-SAM14-T10h.czi,qDII-CLV3-SD_E12_161221_sam14_t10
qDII-11c-CLV3-DR5TQ1-SAM1.czi,qDII-DR5-CLV3_TEST_170224_sam01_t00
qDII-11c-CLV3-DR5TQ1-SAM2.czi,qDII-DR5-CLV3_TEST_170224_sam02_t00
qDII-CLV3-DR5-LD-SAM3-T0.czi,qDII-DR5-CLV3-LD_TEST_170226_sam03_t00
qDII-CLV3-DR5-LD-SAM4-T0.czi,qDII-DR5-CLV3-LD_TEST_170226_sam04_t00
qDII-CLV3-DR5-LD-SAM6-T0.czi,qDII-DR5-CLV3-LD_TEST_170226_sam06_t00
qDII-CLV3-DR5-LD-SAM7-T0.czi,qDII-DR5-CLV3-LD_TEST_170226_sam07_t00
qDII-CLV3-DR5-LD-SAM8-T0.czi,qDII-DR5-CLV3-LD_TEST_170226_sam08_t00
qDII-CLV3-DR5-PI-LD-SAM9-T0.czi,qDII-DR5-CLV3-PI-LD_TEST_170226_sam09_t00
qDII-CLV3-DR5-PI-LD-SAM11-T0.czi,qDII-DR5-CLV3-PI-LD_TEST_170226_sam11_t05
qDII-CLV3-DR5-LD-SAM3-T5h.czi,qDII-DR5-CLV3-LD_TEST_170226_sam03_t05
qDII-CLV3-DR5-LD-SAM4-T5h.czi,qDII-DR5-CLV3-LD_TEST_170226_sam04_t05
qDII-CLV3-DR5-LD-SAM6-T5h.czi,qDII-DR5-CLV3-LD_TEST_170226_sam06_t05
qDII-CLV3-DR5-LD-SAM7-T5h.czi,qDII-DR5-CLV3-LD_TEST_170226_sam07_t05
qDII-CLV3-DR5-LD-SAM8-T5h.czi,qDII-DR5-CLV3-LD_TEST_170226_sam08_t05
qDII-CLV3-DR5-PI-LD-SAM9-T5h.czi,qDII-DR5-CLV3-PI-LD_TEST_170226_sam09_t05
qDII-CLV3-DR5-PI-LD-SAM11-T5h.czi,qDII-DR5-CLV3-PI-LD_TEST_170226_sam11_t05
qDII-CLV3-DR5-LD-SAM3-T10h.czi,qDII-DR5-CLV3-LD_TEST_170226_sam03_t10
qDII-CLV3-DR5-LD-SAM4-T10h.czi,qDII-DR5-CLV3-LD_TEST_170226_sam04_t10
qDII-CLV3-DR5-LD-SAM6-T10h.czi,qDII-DR5-CLV3-LD_TEST_170226_sam06_t10
qDII-CLV3-DR5-LD-SAM7-T10h.czi,qDII-DR5-CLV3-LD_TEST_170226_sam07_t10
qDII-CLV3-DR5-LD-SAM8-T10h.czi,qDII-DR5-CLV3-LD_TEST_170226_sam08_t10
qDII-CLV3-DR5-PI-LD-SAM9-T10h.czi,qDII-DR5-CLV3-PI-LD_TEST_170226_sam09_t10
qDII-CLV3-DR5-PI-LD-SAM11-T10h.czi,qDII-DR5-CLV3-PI-LD_TEST_170226_sam11_t10
qDII-CLV3-DR5-LD-SAM16-T0.czi,qDII-DR5-CLV3-LD_TEST_170226_sam16_t00
qDII-CLV3-DR5-LD-SAM16-T5h.czi,qDII-DR5-CLV3-LD_TEST_170226_sam16_t05
qDII-CLV3-DR5-LD-SAM16-T10h.czi,qDII-DR5-CLV3-LD_TEST_170226_sam16_t10
qDII-CLV3-DR5-LD-SAM18-T0.czi,qDII-DR5-CLV3-LD_TEST_170226_sam18_t00
qDII-CLV3-DR5-LD-SAM18-T5h.czi,qDII-DR5-CLV3-LD_TEST_170226_sam18_t05
qDII-CLV3-DR5-LD-SAM18-T10h.czi,qDII-DR5-CLV3-LD_TEST_170226_sam18_t10
qDII-11c-CLV-CH-MS-E13-LD-SAM1.czi,qDII-CLV3-LD_E13_170501_sam01_t00
qDII-11c-CLV-CH-MS-E13-LD-SAM2.czi,qDII-CLV3-LD_E13_170501_sam02_t00
qDII-11c-CLV-CH-MS-E13-LD-SAM3.czi,qDII-CLV3-LD_E13_170501_sam03_t00
qDII-11c-CLV-CH-MS-E13-LD-SAM4.czi,qDII-CLV3-LD_E13_170501_sam04_t00
qDII-11c-CLV-CH-MS-E13-LD-SAM5.czi,qDII-CLV3-LD_E13_170501_sam05_t00
qDII-11c-CLV-CH-MS-E13-LD-SAM6.czi,qDII-CLV3-LD_E13_170501_sam06_t00
qDII-11c-CLV-CH-MS-E13-LD-SAM8.czi,qDII-CLV3-LD_E13_170501_sam08_t00
qDII-11c-CLV-CH-MS-E13-LD-SAM9.czi,qDII-CLV3-LD_E13_170501_sam09_t00
qDII-11c-CLV-CH-MS-E13-LD-SAM10.czi,qDII-CLV3-LD_E13_170501_sam10_t00
qDII-11c-CLV-CH-MS-E13-LD-SAM11.czi,qDII-CLV3-LD_E13_170501_sam11_t00
qDII-11c-CLV-CH-MS-E13-LD-SAM12.czi,qDII-CLV3-LD_E13_170501_sam12_t00
qDII-11c-CLV-CH-MS-E13-LD-SAM13.czi,qDII-CLV3-LD_E13_170501_sam13_t00
qDII-11c-CLV-CH-MS-E13-LD-SAM14.czi,qDII-CLV3-LD_E13_170501_sam14_t00
qDII-11c-CLV-CH-MS-E13-LD-SAM1-5h.czi,qDII-CLV3-LD_E13_170501_sam01_t05
qDII-11c-CLV-CH-MS-E13-LD-SAM2-5h.czi,qDII-CLV3-LD_E13_170501_sam02_t05
qDII-11c-CLV-CH-MS-E13-LD-SAM3-5h.czi,qDII-CLV3-LD_E13_170501_sam03_t05
qDII-11c-CLV-CH-MS-E13-LD-SAM4-5h.czi,qDII-CLV3-LD_E13_170501_sam04_t05
qDII-11c-CLV-CH-MS-E13-LD-SAM5-5h.czi,qDII-CLV3-LD_E13_170501_sam05_t05
qDII-11c-CLV-CH-MS-E13-LD-SAM6-5h.czi,qDII-CLV3-LD_E13_170501_sam06_t05
qDII-11c-CLV-CH-MS-E13-LD-SAM8-5h.czi,qDII-CLV3-LD_E13_170501_sam08_t05
qDII-11c-CLV-CH-MS-E13-LD-SAM9-5h.czi,qDII-CLV3-LD_E13_170501_sam09_t05
qDII-11c-CLV-CH-MS-E13-LD-SAM10-5h.czi,qDII-CLV3-LD_E13_170501_sam10_t05
qDII-11c-CLV-CH-MS-E13-LD-SAM11-5h.czi,qDII-CLV3-LD_E13_170501_sam11_t05
qDII-11c-CLV-CH-MS-E13-LD-SAM12-5h.czi,qDII-CLV3-LD_E13_170501_sam12_t05
qDII-11c-CLV-CH-MS-E13-LD-SAM13-5h.czi,qDII-CLV3-LD_E13_170501_sam13_t05
qDII-11c-CLV-CH-MS-E13-LD-SAM14-5h.czi,qDII-CLV3-LD_E13_170501_sam14_t05
qDII-11c-CLV-CH-MS-E13-LD-SAM1-10h.czi,qDII-CLV3-LD_E13_170501_sam01_t10
qDII-11c-CLV-CH-MS-E13-LD-SAM2-10h.czi,qDII-CLV3-LD_E13_170501_sam02_t10
qDII-11c-CLV-CH-MS-E13-LD-SAM3-10h.czi,qDII-CLV3-LD_E13_170501_sam03_t10
qDII-11c-CLV-CH-MS-E13-LD-SAM4-10h.czi,qDII-CLV3-LD_E13_170501_sam04_t10
qDII-11c-CLV-CH-MS-E13-LD-SAM5-10h.czi,qDII-CLV3-LD_E13_170501_sam05_t10
qDII-11c-CLV-CH-MS-E13-LD-SAM6-10h.czi,qDII-CLV3-LD_E13_170501_sam06_t10
qDII-11c-CLV-CH-MS-E13-LD-SAM8-10h.czi,qDII-CLV3-LD_E13_170501_sam08_t10
qDII-11c-CLV-CH-MS-E13-LD-SAM9-10h.czi,qDII-CLV3-LD_E13_170501_sam09_t10
qDII-11c-CLV-CH-MS-E13-LD-SAM10-10h.czi,qDII-CLV3-LD_E13_170501_sam10_t10
qDII-11c-CLV-CH-MS-E13-LD-SAM11-10h.czi,qDII-CLV3-LD_E13_170501_sam11_t10
qDII-11c-CLV-CH-MS-E13-LD-SAM12-10h.czi,qDII-CLV3-LD_E13_170501_sam12_t10
qDII-11c-CLV-CH-MS-E13-LD-SAM13-10h.czi,qDII-CLV3-LD_E13_170501_sam13_t10
qDII-11c-CLV-CH-MS-E13-LD-SAM14-10h.czi,qDII-CLV3-LD_E13_170501_sam14_t10
qDII CLV3 E17 LD-SAM1.czi,qDII-CLV3-LD_E17_170624_sam01_t00
qDII CLV3 E17 LD-SAM3.czi,qDII-CLV3-LD_E17_170624_sam03_t00
qDII CLV3 E17 LD-SAM4.czi,qDII-CLV3-LD_E17_170624_sam04_t00
qDII CLV3 E17 LD-SAM5.czi,qDII-CLV3-LD_E17_170624_sam05_t00
qDII CLV3 E17 LD-SAM6.czi,qDII-CLV3-LD_E17_170624_sam06_t00
qDII CLV3 E17 LD-SAM7.czi,qDII-CLV3-LD_E17_170624_sam07_t00
qDII CLV3 E17 LD-SAM8.czi,qDII-CLV3-LD_E17_170624_sam08_t00
qDII CLV3 E17 LD-SAM9.czi,qDII-CLV3-LD_E17_170624_sam09_t00
qDII CLV3 E17 LD-SAM10.czi,qDII-CLV3-LD_E17_170624_sam10_t00
qDII CLV3 E17 LD-SAM11.czi,qDII-CLV3-LD_E17_170624_sam11_t00
qDII CLV3 E17 LD-SAM1-T5.czi,qDII-CLV3-LD_E17_170624_sam01_t05
qDII CLV3 E17 LD-SAM3-T5.czi,qDII-CLV3-LD_E17_170624_sam03_t05
qDII CLV3 E17 LD-SAM4-T5.czi,qDII-CLV3-LD_E17_170624_sam04_t05
qDII CLV3 E17 LD-SAM5-T5.czi,qDII-CLV3-LD_E17_170624_sam05_t05
qDII CLV3 E17 LD-SAM6-T5.czi,qDII-CLV3-LD_E17_170624_sam06_t05
qDII CLV3 E17 LD-SAM7-T5.czi,qDII-CLV3-LD_E17_170624_sam07_t05
qDII CLV3 E17 LD-SAM8-T5.czi,qDII-CLV3-LD_E17_170624_sam08_t05
qDII CLV3 E17 LD-SAM9-T5.czi,qDII-CLV3-LD_E17_170624_sam09_t05
qDII CLV3 E17 LD-SAM10-T5.czi,qDII-CLV3-LD_E17_170624_sam10_t05
qDII CLV3 E17 LD-SAM11-T5.czi,qDII-CLV3-LD_E17_170624_sam11_t05
qDII CLV3 E17 LD-SAM1-T10.czi,qDII-CLV3-LD_E17_170624_sam01_t10
qDII CLV3 E17 LD-SAM3-T10.czi,qDII-CLV3-LD_E17_170624_sam03_t10
qDII CLV3 E17 LD-SAM4-T10.czi,qDII-CLV3-LD_E17_170624_sam04_t10
qDII CLV3 E17 LD-SAM5-T10.czi,qDII-CLV3-LD_E17_170624_sam05_t10
qDII CLV3 E17 LD-SAM6-T10.czi,qDII-CLV3-LD_E17_170624_sam06_t10
qDII CLV3 E17 LD-SAM7-T10.czi,qDII-CLV3-LD_E17_170624_sam07_t10
qDII CLV3 E17 LD-SAM8-T10.czi,qDII-CLV3-LD_E17_170624_sam08_t10
qDII CLV3 E17 LD-SAM9-T10.czi,qDII-CLV3-LD_E17_170624_sam09_t10
qDII CLV3 E17 LD-SAM10-T10.czi,qDII-CLV3-LD_E17_170624_sam10_t10
qDII CLV3 E17 LD-SAM11-T10.czi,qDII-CLV3-LD_E17_170624_sam11_t10
qDII-11c-CLV3-CH-E14-SD-SAM10-T10.czi,qDII-CLV3-SD_E14_170525_sam10_t10
qDII-11c-CLV3-CH-E14-SD-SAM10-T5.czi,qDII-CLV3-SD_E14_170525_sam10_t05
qDII-11c-CLV3-CH-E14-SD-SAM10.czi,qDII-CLV3-SD_E14_170525_sam10_t00
qDII-11c-CLV3-CH-E14-SD-SAM2-T10.czi,qDII-CLV3-SD_E14_170525_sam02_t10
qDII-11c-CLV3-CH-E14-SD-SAM2-T5.czi,qDII-CLV3-SD_E14_170525_sam02_t05
qDII-11c-CLV3-CH-E14-SD-SAM2.czi,qDII-CLV3-SD_E14_170525_sam02_t00
qDII-11c-CLV3-CH-E14-SD-SAM3-T10.czi,qDII-CLV3-SD_E14_170525_sam03_t10
qDII-11c-CLV3-CH-E14-SD-SAM3-T5.czi,qDII-CLV3-SD_E14_170525_sam03_t05
qDII-11c-CLV3-CH-E14-SD-SAM3.czi,qDII-CLV3-SD_E14_170525_sam03_t00
qDII-11c-CLV3-CH-E14-SD-SAM5-T10.czi,qDII-CLV3-SD_E14_170525_sam05_t10
qDII-11c-CLV3-CH-E14-SD-SAM5-T5.czi,qDII-CLV3-SD_E14_170525_sam05_t05
qDII-11c-CLV3-CH-E14-SD-SAM5.czi,qDII-CLV3-SD_E14_170525_sam05_t00
qDII-11c-CLV3-CH-E14-SD-SAM6-T10.czi,qDII-CLV3-SD_E14_170525_sam06_t10
qDII-11c-CLV3-CH-E14-SD-SAM6-T5.czi,qDII-CLV3-SD_E14_170525_sam06_t05
qDII-11c-CLV3-CH-E14-SD-SAM6.czi,qDII-CLV3-SD_E14_170525_sam06_t00
qDII-11c-CLV3-CH-E14-SD-SAM8-T10.czi,qDII-CLV3-SD_E14_170525_sam08_t10
qDII-11c-CLV3-CH-E14-SD-SAM8-T5.czi,qDII-CLV3-SD_E14_170525_sam08_t05
qDII-11c-CLV3-CH-E14-SD-SAM8.czi,qDII-CLV3-SD_E14_170525_sam08_t00
qDII-11c-CLV3-CH-E14-SD-SAM9-T10.czi,qDII-CLV3-SD_E14_170525_sam09_t10
qDII-11c-CLV3-CH-E14-SD-SAM9-T5.czi,qDII-CLV3-SD_E14_170525_sam09_t05
qDII-11c-CLV3-CH-E14-SD-SAM9.czi,qDII-CLV3-SD_E14_170525_sam09_t00
qDII-CLV3-DR5-E25-LD-SAM1.czi,qDII-DR5-CLV3-LD_E25_170811_sam01_t00
qDII-CLV3-DR5-E25-LD-SAM1-T5.czi,qDII-DR5-CLV3-LD_E25_170811_sam01_t05
qDII-CLV3-DR5-E25-LD-SAM1-T10.czi,qDII-DR5-CLV3-LD_E25_170811_sam01_t10
qDII-CLV3-DR5-E25-LD-SAM2.czi,qDII-DR5-CLV3-LD_E25_170811_sam02_t00
qDII-CLV3-DR5-E25-LD-SAM2-T5.czi,qDII-DR5-CLV3-LD_E25_170811_sam02_t05
qDII-CLV3-DR5-E25-LD-SAM2-T10.czi,qDII-DR5-CLV3-LD_E25_170811_sam02_t10
qDII-CLV3-DR5-E25-LD-SAM3.czi,qDII-DR5-CLV3-LD_E25_170811_sam03_t00
qDII-CLV3-DR5-E25-LD-SAM3-T5.czi,qDII-DR5-CLV3-LD_E25_170811_sam03_t05
qDII-CLV3-DR5-E25-LD-SAM3-T10.czi,qDII-DR5-CLV3-LD_E25_170811_sam03_t10
qDII-CLV3-DR5-E25-LD-SAM4.czi,qDII-DR5-CLV3-LD_E25_170811_sam04_t00
qDII-CLV3-DR5-E25-LD-SAM4-T5.czi,qDII-DR5-CLV3-LD_E25_170811_sam04_t05
qDII-CLV3-DR5-E25-LD-SAM4-T10.czi,qDII-DR5-CLV3-LD_E25_170811_sam04_t10
qDII-CLV3-DR5-E25-LD-SAM5.czi,qDII-DR5-CLV3-LD_E25_170811_sam05_t00
qDII-CLV3-DR5-E25-LD-SAM5-T5.czi,qDII-DR5-CLV3-LD_E25_170811_sam05_t05
qDII-CLV3-DR5-E25-LD-SAM5-T10.czi,qDII-DR5-CLV3-LD_E25_170811_sam05_t10
qDII-CLV3-DR5-E25-LD-SAM7.czi,qDII-DR5-CLV3-LD_E25_170811_sam07_t00
qDII-CLV3-DR5-E25-LD-SAM7-T5.czi,qDII-DR5-CLV3-LD_E25_170811_sam07_t05
qDII-CLV3-DR5-E25-LD-SAM7-T10.czi,qDII-DR5-CLV3-LD_E25_170811_sam07_t10
qDII-CLV3-DR5-E25-LD-SAM9.czi,qDII-DR5-CLV3-LD_E25_170811_sam09_t00
qDII-CLV3-DR5-E25-LD-SAM9-T5.czi,qDII-DR5-CLV3-LD_E25_170811_sam09_t05
qDII-CLV3-DR5-E25-LD-SAM9-T10.czi,qDII-DR5-CLV3-LD_E25_170811_sam09_t10
qDII-CLV3-DR5-E27-LD-SAM1.czi,qDII-DR5-CLV3-LD_E27_170817_sam01_t00
qDII-CLV3-DR5-E27-LD-SAM1-T5.czi,qDII-DR5-CLV3-LD_E27_170817_sam01_t05
qDII-CLV3-DR5-E27-LD-SAM1-T10.czi,qDII-DR5-CLV3-LD_E27_170817_sam01_t10
qDII-CLV3-DR5-E27-LD-SAM2.czi,qDII-DR5-CLV3-LD_E27_170817_sam02_t00
qDII-CLV3-DR5-E27-LD-SAM2-T5.czi,qDII-DR5-CLV3-LD_E27_170817_sam02_t05
qDII-CLV3-DR5-E27-LD-SAM2-T10.czi,qDII-DR5-CLV3-LD_E27_170817_sam02_t10
qDII-CLV3-DR5-E27-LD-SAM3.czi,qDII-DR5-CLV3-LD_E27_170817_sam03_t00
qDII-CLV3-DR5-E27-LD-SAM3-T5.czi,qDII-DR5-CLV3-LD_E27_170817_sam03_t05
qDII-CLV3-DR5-E27-LD-SAM3-T10.czi,qDII-DR5-CLV3-LD_E27_170817_sam03_t10
qDII-CLV3-DR5-E27-LD-SAM4.czi,qDII-DR5-CLV3-LD_E27_170817_sam04_t00
qDII-CLV3-DR5-E27-LD-SAM4-T5.czi,qDII-DR5-CLV3-LD_E27_170817_sam04_t05
qDII-CLV3-DR5-E27-LD-SAM4-T10.czi,qDII-DR5-CLV3-LD_E27_170817_sam04_t10
qDII-CLV3-DR5-E27-LD-SAM7.czi,qDII-DR5-CLV3-LD_E27_170817_sam07_t00
qDII-CLV3-DR5-E27-LD-SAM7-T5.czi,qDII-DR5-CLV3-LD_E27_170817_sam07_t05
qDII-CLV3-DR5-E27-LD-SAM7-T10.czi,qDII-DR5-CLV3-LD_E27_170817_sam07_t10
qDII-CLV3-DR5-E27-LD-SAM9.czi,qDII-DR5-CLV3-LD_E27_170817_sam09_t00
qDII-CLV3-DR5-E27-LD-SAM9-T5.czi,qDII-DR5-CLV3-LD_E27_170817_sam09_t05
qDII-CLV3-DR5-E27-LD-SAM9-T10.czi,qDII-DR5-CLV3-LD_E27_170817_sam09_t10
qDII-CLV3-DR5-E27-LD-SAM10.czi,qDII-DR5-CLV3-LD_E27_170817_sam10_t00
qDII-CLV3-DR5-E27-LD-SAM10-T5.czi,qDII-DR5-CLV3-LD_E27_170817_sam10_t05
qDII-CLV3-DR5-E27-LD-SAM10-T10.czi,qDII-DR5-CLV3-LD_E27_170817_sam10_t10
qDII-CLV3-DR5-E27-LD-SAM11.czi,qDII-DR5-CLV3-LD_E27_170817_sam11_t00
qDII-CLV3-DR5-E27-LD-SAM11-T5.czi,qDII-DR5-CLV3-LD_E27_170817_sam11_t05
qDII-CLV3-DR5-E27-LD-SAM11-T10.czi,qDII-DR5-CLV3-LD_E27_170817_sam11_t10
qDII-CLV-pAHP6-test-SAM1.czi,qDII-AHP6-CLV3-LD_TEST_170829_sam01_t00
qDII-CLV-pAHP6-test-SAM2.czi,qDII-AHP6-CLV3-LD_TEST_170829_sam02_t00
qDII-CLV-pAHP6-test-SAM3.czi,qDII-AHP6-CLV3-LD_TEST_170829_sam03_t00
qDII-CLV-pAHP6-test-SAM4.czi,qDII-AHP6-CLV3-LD_TEST_170829_sam04_t00
qDII-CLV-pAHP6-test-SAM5.czi,qDII-AHP6-CLV3-LD_TEST_170829_sam05_t00
qDII-CLV-pAHP6-test-SAM6.czi,qDII-AHP6-CLV3-LD_TEST_170829_sam06_t00
qDII-CLV-pAHP6-test-SAM7.czi,qDII-AHP6-CLV3-LD_TEST_170829_sam07_t00
qDII-CLV3-DR5-E31-LD-SAM1.czi,qDII-DR5-CLV3-LD_E31_171102_sam01_t00
qDII-CLV3-DR5-E31-LD-SAM1-T5.czi,qDII-DR5-CLV3-LD_E31_171102_sam01_t05
qDII-CLV3-DR5-E31-LD-SAM1-T10.czi,qDII-DR5-CLV3-LD_E31_171102_sam01_t10
qDII-CLV3-DR5-E31-LD-SAM1-T14.czi,qDII-DR5-CLV3-LD_E31_171102_sam01_t14
qDII-CLV3-DR5-E31-LD-SAM4.czi,qDII-DR5-CLV3-LD_E31_171102_sam04_t00
qDII-CLV3-DR5-E31-LD-SAM4-T5.czi,qDII-DR5-CLV3-LD_E31_171102_sam04_t05
qDII-CLV3-DR5-E31-LD-SAM4-T10.czi,qDII-DR5-CLV3-LD_E31_171102_sam04_t10
qDII-CLV3-DR5-E31-LD-SAM4-T14.czi,qDII-DR5-CLV3-LD_E31_171102_sam04_t14
qDII-CLV3-DR5-E31-LD-SAM11.czi,qDII-DR5-CLV3-LD_E31_171102_sam11_t00
qDII-CLV3-DR5-E31-LD-SAM11-T5.czi,qDII-DR5-CLV3-LD_E31_171102_sam11_t05
qDII-CLV3-DR5-E31-LD-SAM11-T10.czi,qDII-DR5-CLV3-LD_E31_171102_sam11_t10
qDII-CLV3-DR5-E31-LD-SAM11-T14.czi,qDII-DR5-CLV3-LD_E31_171102_sam11_t14
qDII-CLV3-DR5-E33-LD-SAM1.czi,qDII-DR5-CLV3-LD_E33_171106_sam01_t00
qDII-CLV3-DR5-E33-LD-SAM1-T5.czi,qDII-DR5-CLV3-LD_E33_171106_sam01_t05
qDII-CLV3-DR5-E33-LD-SAM1-T10.czi,qDII-DR5-CLV3-LD_E33_171106_sam01_t10
qDII-CLV3-DR5-E33-LD-SAM1-T14.czi,qDII-DR5-CLV3-LD_E33_171106_sam01_t14
qDII-CLV3-DR5-E33-LD-SAM2.czi,qDII-DR5-CLV3-LD_E33_171106_sam02_t00
qDII-CLV3-DR5-E33-LD-SAM2-T5.czi,qDII-DR5-CLV3-LD_E33_171106_sam02_t05
qDII-CLV3-DR5-E33-LD-SAM2-T10.czi,qDII-DR5-CLV3-LD_E33_171106_sam02_t10
qDII-CLV3-DR5-E33-LD-SAM2-T14.czi,qDII-DR5-CLV3-LD_E33_171106_sam02_t14
qDII-CLV3-DR5-E33-LD-SAM3.czi,qDII-DR5-CLV3-LD_E33_171106_sam03_t00
qDII-CLV3-DR5-E33-LD-SAM3-T5.czi,qDII-DR5-CLV3-LD_E33_171106_sam03_t05
qDII-CLV3-DR5-E33-LD-SAM3-T10.czi,qDII-DR5-CLV3-LD_E33_171106_sam03_t10
qDII-CLV3-DR5-E33-LD-SAM3-T14.czi,qDII-DR5-CLV3-LD_E33_171106_sam03_t14
qDII-CLV3-DR5-E33-LD-SAM4.czi,qDII-DR5-CLV3-LD_E33_171106_sam04_t00
qDII-CLV3-DR5-E33-LD-SAM4-T5.czi,qDII-DR5-CLV3-LD_E33_171106_sam04_t05
qDII-CLV3-DR5-E33-LD-SAM4-T10.czi,qDII-DR5-CLV3-LD_E33_171106_sam04_t10
qDII-CLV3-DR5-E33-LD-SAM4-T14.czi,qDII-DR5-CLV3-LD_E33_171106_sam04_t14
qDII-CLV3-DR5-E33-LD-SAM7.czi,qDII-DR5-CLV3-LD_E33_171106_sam07_t00
qDII-CLV3-DR5-E33-LD-SAM7-T5.czi,qDII-DR5-CLV3-LD_E33_171106_sam07_t05
qDII-CLV3-DR5-E33-LD-SAM7-T10.czi,qDII-DR5-CLV3-LD_E33_171106_sam07_t10
qDII-CLV3-DR5-E33-LD-SAM7-T14.czi,qDII-DR5-CLV3-LD_E33_171106_sam07_t14
qDII-CLV3-PIN1-PI-E35-LD-SAM4-T0.czi,qDII-PIN1-CLV3-PI-LD_E35_171110_sam04_t00
qDII-CLV3-PIN1-PI-E35-LD-SAM4-T5.czi,qDII-PIN1-CLV3-PI-LD_E35_171110_sam04_t05
qDII-CLV3-PIN1-PI-E35-LD-SAM4-T10.czi,qDII-PIN1-CLV3-PI-LD_E35_171110_sam04_t10
qDII-CLV3-PIN1-PI-E35-LD-SAM4-T14.czi,qDII-PIN1-CLV3-PI-LD_E35_171110_sam04_t14
qDII-CLV3-PIN1-PI-E35-LD-SAM6.czi,qDII-PIN1-CLV3-PI-LD_E35_171110_sam06_t00
qDII-CLV3-PIN1-PI-E35-LD-SAM6-T5.czi,qDII-PIN1-CLV3-PI-LD_E35_171110_sam06_t05
qDII-CLV3-PIN1-PI-E35-LD-SAM6-T10.czi,qDII-PIN1-CLV3-PI-LD_E35_171110_sam06_t10
qDII-CLV3-PIN1-PI-E35-LD-SAM6-T14.czi,qDII-PIN1-CLV3-PI-LD_E35_171110_sam06_t14
qDII-CLV3-PIN1-PI-E37-LD-SAM5.czi,qDII-PIN1-CLV3-PI-LD_E37_171113_sam05_t00
qDII-CLV3-PIN1-PI-E37-LD-SAM5-T5.czi,qDII-PIN1-CLV3-PI-LD_E37_171113_sam05_t05
qDII-CLV3-PIN1-PI-E37-LD-SAM5-T10.czi,qDII-PIN1-CLV3-PI-LD_E37_171113_sam05_t10
qDII-CLV3-PIN1-PI-E37-LD-SAM5-T14.czi,qDII-PIN1-CLV3-PI-LD_E37_171113_sam05_t14
qDII-CLV3-PIN1-PI-E37-LD-SAM7.czi,qDII-PIN1-CLV3-PI-LD_E37_171113_sam07_t00
qDII-CLV3-PIN1-PI-E37-LD-SAM7-T5.czi,qDII-PIN1-CLV3-PI-LD_E37_171113_sam07_t05
qDII-CLV3-PIN1-PI-E37-LD-SAM7-T10.czi,qDII-PIN1-CLV3-PI-LD_E37_171113_sam07_t10
qDII-CLV3-PIN1-PI-E37-LD-SAM7-T14.czi,qDII-PIN1-CLV3-PI-LD_E37_171113_sam07_t14
20180501 LTi6b-GFP_24r_1_T0.czi,LTI6B-LD_TEST_170105_sam01_t00
20180501 LTi6b-GFP_24r_1_T6.czi,LTI6B-LD_TEST_170105_sam01_t06
20180501 LTi6b-GFP_24r_1_T12.czi,LTI6B-LD_TEST_170105_sam01_t12
20180501 LTi6b-GFP_24r_1_T24.czi,LTI6B-LD_TEST_170105_sam01_t24
20180501 LTi6b-GFP_24r_1_T30.czi,LTI6B-LD_TEST_170105_sam01_t30
20180501 LTi6b-GFP_24r_2_T0.czi,LTI6B-LD_TEST_170105_sam02_t00
20180501 LTi6b-GFP_24r_2_T6.czi,LTI6B-LD_TEST_170105_sam02_t06
20180501 LTi6b-GFP_24r_2_T12.czi,LTI6B-LD_TEST_170105_sam02_t12
20180501 LTi6b-GFP_24r_2_T24.czi,LTI6B-LD_TEST_170105_sam02_t24
20180501 LTi6b-GFP_24r_2_T30.czi,LTI6B-LD_TEST_170105_sam02_t30
20180501 LTi6b-GFP_24r_3_T0.czi,LTI6B-LD_TEST_170105_sam03_t00
20180501 LTi6b-GFP_24r_3_T6.czi,LTI6B-LD_TEST_170105_sam03_t06
20180501 LTi6b-GFP_24r_3_T12.czi,LTI6B-LD_TEST_170105_sam03_t12
20180501 LTi6b-GFP_24r_3_T24.czi,LTI6B-LD_TEST_170105_sam03_t24
20180501 LTi6b-GFP_24r_3_T30.czi,LTI6B-LD_TEST_170105_sam03_t30
qDII-CLV3-DR5-E51-LD-IAA 1mM 300min-SAM1.czi,qDII-DR5-CLV3-LD_E51_180203_sam01_t00
qDII-CLV3-DR5-E51-LD-IAA 1mM 300min-SAM1-T4.czi,qDII-DR5-CLV3-LD_E51_180203_sam01_t04
qDII-CLV3-DR5-E51-LD-IAA 1mM 300min-SAM1-T8.czi,qDII-DR5-CLV3-LD_E51_180203_sam01_t08
qDII-CLV3-DR5-E51-LD-IAA 1mM 300min-SAM1-T12.czi,qDII-DR5-CLV3-LD_E51_180203_sam01_t12
qDII-CLV3-DR5-E51-LD-IAA 1mM 120min-SAM5.czi,qDII-DR5-CLV3-LD_E51_180203_sam05_t00
qDII-CLV3-DR5-E51-LD-IAA 1mM 120min-SAM5-T4.czi,qDII-DR5-CLV3-LD_E51_180203_sam05_t04
qDII-CLV3-DR5-E51-LD-IAA 1mM 120min-SAM5-T8.czi,qDII-DR5-CLV3-LD_E51_180203_sam05_t08
qDII-CLV3-DR5-E51-LD-IAA 1mM 120min-SAM5-T12.czi,qDII-DR5-CLV3-LD_E51_180203_sam05_t12
qDII-CLV3-DR5-E51-LD-IAA 1mM 120min-SAM6.czi,qDII-DR5-CLV3-LD_E51_180203_sam06_t00
qDII-CLV3-DR5-E51-LD-IAA 1mM 120min-SAM6-T4.czi,qDII-DR5-CLV3-LD_E51_180203_sam06_t04
qDII-CLV3-DR5-E51-LD-IAA 1mM 120min-SAM6-T8.czi,qDII-DR5-CLV3-LD_E51_180203_sam06_t08
qDII-CLV3-DR5-E51-LD-IAA 1mM 120min-SAM6-T12.czi,qDII-DR5-CLV3-LD_E51_180203_sam06_t12
qDII-CLV3-DR5-E51-LD-IAA 1mM 30min-SAM7.czi,qDII-DR5-CLV3-LD_E51_180203_sam07_t00
qDII-CLV3-DR5-E51-LD-IAA 1mM 30min-SAM7-T4.czi,qDII-DR5-CLV3-LD_E51_180203_sam07_t04
qDII-CLV3-DR5-E51-LD-IAA 1mM 30min-SAM7-T8.czi,qDII-DR5-CLV3-LD_E51_180203_sam07_t08
qDII-CLV3-DR5-E51-LD-IAA 1mM 30min-SAM7-12.czi,qDII-DR5-CLV3-LD_E51_180203_sam07_t12
qDII-CLV3-DR5-E51-LD-IAA 1mM 30min-SAM8.czi,qDII-DR5-CLV3-LD_E51_180203_sam08_t00
qDII-CLV3-DR5-E51-LD-IAA 1mM 30min-SAM8-T4.czi,qDII-DR5-CLV3-LD_E51_180203_sam08_t04
qDII-CLV3-DR5-E51-LD-IAA 1mM 30min-SAM8-T8.czi,qDII-DR5-CLV3-LD_E51_180203_sam08_t08
qDII-CLV3-DR5-E51-LD-IAA 1mM 30min-SAM8-12.czi,qDII-DR5-CLV3-LD_E51_180203_sam08_t12
qDII-CLV3-DR5-E51-LD-IAA 1mM 30min-SAM9.czi,qDII-DR5-CLV3-LD_E51_180203_sam09_t00
qDII-CLV3-DR5-E51-LD-IAA 1mM 30min-SAM9-T4.czi,qDII-DR5-CLV3-LD_E51_180203_sam09_t04
qDII-CLV3-DR5-E51-LD-IAA 1mM 30min-SAM9-T8.czi,qDII-DR5-CLV3-LD_E51_180203_sam09_t08
qDII-CLV3-DR5-E51-LD-IAA 1mM 30min-SAM9-12.czi,qDII-DR5-CLV3-LD_E51_180203_sam09_t12
qDII-CLV3-DR5-E51-LD-mock-SAM10.czi,qDII-DR5-CLV3-LD_E51_180203_sam10_t00
qDII-CLV3-DR5-E51-LD-mock-SAM10-T4.czi,qDII-DR5-CLV3-LD_E51_180203_sam10_t04
qDII-CLV3-DR5-E51-LD-mock-SAM10-T8.czi,qDII-DR5-CLV3-LD_E51_180203_sam10_t08
qDII-CLV3-DR5-E51-LD-mock-SAM10-T12.czi,qDII-DR5-CLV3-LD_E51_180203_sam10_t12
